word, freq
attacker, 169
vulnerability, 126
first, 86
user, 82
date, 80
published, 79
ipmi, 77
code, 76
access, 73
arbitrary, 72
cwe, 71
web, 69
system, 65
remote, 62
file, 60
vulnerabilities, 56
application, 56
service, 55
contains, 54
cve, 53
information, 51
server, 50
security, 49
unauthenticated, 46
device, 46
version, 45
network, 45
vulnerable, 44
site, 44
execute, 43
multiple, 42
allow, 40
versions, 40
data, 40
java, 39
cross, 39
injection, 35
attack, 35
password, 34
files, 33
scripting, 32
denial, 32
malicious, 31
affected, 31
zip, 31
http, 31
request, 30
oracle, 30
sql, 29
buffer, 29
smt, 29
improper, 29
database, 28
root, 28
privileges, 27
parameter, 27
contain, 26
xml, 26
interface, 26
cause, 25
authentication, 25
credentials, 24
page, 24
configuration, 24
earlier, 24
script, 24
additional, 23
example, 23
path, 22
possibly, 22
https, 22
input, 21
content, 21
internet, 21
crafted, 21
based, 21
also, 20
ln, 20
overflow, 20
advisory, 20
stack, 20
obtain, 19
via, 19
devices, 19
run, 19
administrative, 19
command, 19
read, 19
windows, 19
authenticated, 19
com, 19
including, 19
requests, 18
html, 18
neutralization, 18
encryption, 18
extender, 18
php, 18
id, 18
unauthorized, 17
directory, 17
browser, 17
sensitive, 17
control, 17
operating, 16
specially, 16
found, 16
name, 16
url, 16
commands, 15
one, 15
traversal, 15
into, 15
manager, 15
available, 15
possible, 15
applications, 15
any, 15
other, 15
following, 15
router, 15
rails, 14
key, 14
nvidia, 14
during, 14
exploit, 14
gain, 14
details, 14
context, 14
update, 14
reported, 14
only, 14
wireless, 14
hf, 14
explorer, 13
attacks, 13
local, 13
faircom, 13
systems, 13
drff, 13
log, 13
algorithm, 13
login, 13
memory, 13
privilege, 13
value, 13
host, 13
generation, 13
firmware, 13
pages, 13
its, 13
inject, 13
bypass, 13
states, 13
www, 12
mobile, 12
document, 12
default, 12
all, 12
view, 12
execution, 12
tf, 12
process, 12
xss, 11
some, 11
epolicy, 11
cgi, 11
users, 11
see, 11
standard, 11
hp, 11
privileged, 11
components, 11
orchestrator, 11
does, 11
jre, 11
microsoft, 11
software, 11
adobe, 11
smhutil, 11
drt, 11
response, 11
link, 11
phone, 11
admin, 11
env, 10
them, 10
target, 10
ibm, 10
library, 10
external, 10
full, 10
faces, 10
text, 10
upload, 10
action, 10
side, 10
scs, 10
passwords, 10
ruby, 10
bios, 10
upnp, 10
running, 10
asp, 10
make, 10
same, 10
attackers, 10
result, 10
conduct, 9
sending, 9
compromise, 9
