word, freq
, 6540
the, 792
to, 475
a, 408
of, 261
and, 245
is, 178
in, 174
attacker, 169
an, 168
be, 166
x, 148
on, 129
vulnerability, 126
may, 122
with, 104
for, 100
or, 97
f, 96
can, 96
that, 93
this, 90
by, 86
first, 86
user, 82
date, 80
published, 79
able, 78
ipmi, 77
code, 76
access, 73
arbitrary, 72
cwe, 71
web, 69
system, 65
remote, 62
it, 61
file, 60
vulnerabilities, 56
application, 56
service, 55
contains, 54
cve, 53
as, 52
are, 52
information, 51
server, 50
security, 49
used, 48
which, 46
unauthenticated, 46
device, 46
version, 45
network, 45
site, 44
vulnerable, 44
execute, 43
multiple, 42
not, 41
allow, 40
versions, 40
data, 40
from, 39
java, 39
cross, 39
s, 39
has, 39
if, 38
attack, 35
injection, 35
password, 34
files, 33
h, 33
scripting, 32
denial, 32
could, 32
http, 31
zip, 31
malicious, 31
affected, 31
request, 30
oracle, 30
improper, 29
smt, 29
buffer, 29
sql, 29
database, 28
using, 28
root, 28
privileges, 27
will, 27
parameter, 27
interface, 26
been, 26
contain, 26
these, 26
xml, 26
allows, 25
cause, 25
authentication, 25
page, 24
earlier, 24
use, 24
configuration, 24
credentials, 24
script, 24
example, 23
additional, 23
possibly, 22
https, 22
path, 22
input, 21
content, 21
based, 21
crafted, 21
internet, 21
ln, 20
within, 20
also, 20
advisory, 20
stack, 20
overflow, 20
devices, 19
administrative, 19
run, 19
authenticated, 19
read, 19
windows, 19
at, 19
com, 19
obtain, 19
including, 19
when, 19
command, 19
c, 19
via, 19
neutralization, 18
extender, 18
id, 18
g, 18
html, 18
requests, 18
encryption, 18
php, 18
e, 18
control, 17
directory, 17
browser, 17
sensitive, 17
unauthorized, 17
found, 16
operating, 16
have, 16
specially, 16
url, 16
name, 16
other, 15
following, 15
one, 15
into, 15
commands, 15
available, 15
manager, 15
possible, 15
applications, 15
any, 15
router, 15
traversal, 15
without, 14
nvidia, 14
details, 14
context, 14
only, 14
gain, 14
reported, 14
wireless, 14
hf, 14
update, 14
during, 14
rails, 14
key, 14
exploit, 14
d, 13
memory, 13
attacks, 13
its, 13
explorer, 13
privilege, 13
states, 13
value, 13
local, 13
generation, 13
faircom, 13
pages, 13
inject, 13
firmware, 13
login, 13
algorithm, 13
drff, 13
bypass, 13
host, 13
systems, 13
log, 13
view, 12
tf, 12
default, 12
www, 12
mobile, 12
process, 12
execution, 12
all, 12
i, 12
document, 12
jre, 11
xss, 11
smhutil, 11
orchestrator, 11
software, 11
some, 11
